-- TRUNCATE kategorijos_tipas, kokteilio_kategorija, komentaras, kontaktai, lytis, matavimo_vienetas, produktas, produkto_rusis, receptas,
-- salis, sudetingumas, sudetis, vartotojas, vartotojo_duomenys, vartotojo_grupe CASCADE;

insert into kategorijos_tipas (id, pavadinimas)
values (1, 'Alkoholiniai'),
       (2, 'Nealkoholiniai');

insert into lytis (id, pavadinimas)
values (1, 'Vyras'),
       (2, 'Moteris');

insert into salis (id, pavadinimas, salies_kodas)
values (1, 'Lietuva', 'LT'),
       (2, 'Latvie', 'LV'),
       (3, 'Estija', 'EE'),
       (4, 'Lenkija', 'PL'),
       (5, 'Vokietija', 'DE'),
       (6, 'Prancūzija', 'FR'),
       (7, 'Italija', 'IT'),
       (8, 'Ispanija', 'ES'),
       (9, 'Didžioji Britanija', 'GB'),
       (10, 'Norvegija', 'NO'),
       (11, 'Airija', 'IE'),
       (12, 'Graikija', 'GR');

insert into sudetingumas (id, pavadinimas)
values (1, 'Lengvas'),
       (2, 'Vidutiniškas'),
       (3, 'Sudėtingas');

insert into vartotojo_grupe (id, pavadinimas)
values (1, 'ROLE_USER'),
       (2, 'ROLE_ADMIN');

insert into vartotojas (id, prisijungimo_vardas, el_pastas, slaptazodis, aktyvuotas, vartotojo_grupe_id)
values (5, 'arnas', 'arnas@mail.com', '$2a$10$ZRrTVhV1BQvQDsxlTDOWuO2AxYGoazE/RiXkyDa9ADTMXdyX47jyC', true, 2);

insert into kokteilio_kategorija (id, pavadinimas, aprasymas, kategorijos_tipas_id)
values (61, 'Vidutinio stiprumo', 'Dauguma vidutinio stiprumo kokteilių paruošiami be sulčių ar sirupų. jie nėra sudėtingi ir kaloringi. Tinka prie valgio.', 1),
       (62, 'Gaivieji ir vaisiniai', 'Daugumai kokteilių daugiausiai naudojami švieži vaisiai, ypatingai rūgštūs vaisiai, kaip obuoliai, greipfrutai, citrinos ar pasifloros.', 1),
       (63, 'Gaivieji ir vaisiniai', 'Daugumai kokteilių daugiausiai naudojami švieži vaisiai, ypatingai rūgštūs vaisiai, kaip obuoliai, greipfrutai, citrinos ar pasifloros.', 2),
       (64, 'Saldieji ir kreminiai', 'Daugiausiai saldžiuose gėrimuose naudojamas kokosų ar ananasų sirupas bei sultys. Dažnai galima rasti ir grietinėlės.', 1),
       (65, 'Saldieji ir kreminiai', 'Daugiausiai saldžiuose gėrimuose naudojamas kokosų ar ananasų sirupas bei sultys. Dažnai galima rasti ir grietinėlės.', 2),
       (66, 'Stiprieji', 'Stiprieji gėrimai turi didžiausią alkoholio koncentraciją, dažniausiai, tai kelių stiprių alkoholinių gėrimų rušys.', 1),
       (67, 'Vieno guršnio', 'Mažo tūrio ypač stiprūs kokteiliai.', 1),
       (68, 'Šampano', 'Gėrimai, kūrie yra maišomi su prancūzišku šampanu, vokišku (sekt) ar itališku (prosecco) putojančiu vynu.', 1),
       (69, 'Ilgai geriamas', 'Dažniausiai alkoholinis gėrimas sumaišomas su nealkoholiniu, ypač su apelsinų sultimis arba sodos vandeniu.', 1),
       (70, 'Rūgštūs ir putojantys', 'Priešingybė saldiesiems kokteiliams, dažnai kokteilis sumaišomas su gazuotu vandeniu.', 1),
       (71, 'Rūgštūs ir putojantys', 'Priešingybė saldiesiems kokteiliams, dažnai kokteilis sumaišomas su gazuotu vandeniu.', 2),
       (72, 'Kavos ir šokolado', 'Dauguma kokteilių kavos ar šokolado pagrindo yra ruošiami karšti, bet yra ir keletas šaltų. Dažniausiai naudojama stipri esspresso kavos rūšis.', 1),
       (73, 'Kavos ir šokolado', 'Dauguma kokteilių kavos ar šokolado pagrindo yra ruošiami karšti, bet yra ir keletas šaltų. Dažniausiai naudojama stipri esspresso kavos rūšis.', 2),
       (74, 'Sveikuoliški kokteiliai', 'Gėrimai skirti žmonėms, kurie vadovaujasi specialiomis dietomis ar propaguoja sveiką gyvenimą. Dažniausiai šie kokteiliai yra daromi iš daržovių ar vaisių.',
        2),
       (75, 'Pieno kokteiliai', 'Gėrimai skirti visoms amžiaus grupėms ypatingai patiems jauniausiems. Tai gėrimai, kurių pagrindas yra pienas ir ledai.', 2);

insert into kontaktai (id, savivaldybe, gatve, namo_nr, buto_nr, pasto_kodas, salis_id)
VALUES (1, 'Vilniaus', 'Lukiškių g.', '13', '33', '08234', 1);

insert into vartotojo_duomenys
    (id, vardas, pavarde, sukurimo_data, atnaujinimo_data, lytis_id, kontaktai_id, vartotojas_id)
VALUES (1, 'Arnas', 'Cizikovas', CURRENT_TIMESTAMP, CURRENT_TIMESTAMP, 1, 1, 5);

insert into produkto_rusis(id, pavadinimas)
VALUES (1, 'Gazuoti vaisvandeniai'),
       (2, 'Negazuoti vaisvandeniai'),
       (3, 'Vaisiai'),
       (4, 'Daržovės'),
       (5, 'Sirupai'),
       (6, 'Pieno produktai'),
       (7, 'Alkoholiniai gėrimai'),
       (8, 'Žolelės'),
       (9, 'Sultys'),
       (10, 'Padažai'),
       (11, 'Kita'),
       (12, 'Uogos');

insert into matavimo_vienetas (id, pavadinimas, vienetas)
VALUES (1, 'Gramas', 'g'),
       (2, 'Arbatiniai šaukšteliai', 'a.š.'),
       (3, 'Lašai', 'lš'),
       (4, 'Vienetai', 'vnt'),
       (5, 'Žiupsnelis', 'žps');

insert into produktas (id, pavadinimas, produkto_rusis_id, matavimo_vienetas_id)
VALUES (1, 'Degtinė', 7, 1),
       (2, 'Mėtu likeris', 8, 1),
       (3, 'Creme de cacao', 7, 1),
       (4, 'Aperolis', 7, 1),
       (5, 'Pasiflorų likeris', 7, 1),
       (6, 'Apelsinų sultys', 9, 1),
       (7, 'Granatų sirupas', 5, 2),
       (8, 'Pomidorų sultys', 9, 1),
       (9, 'Citrinų sultys', 9, 1),
       (10, 'Tabasco padažas', 10, 2),
       (11, 'Vusterio padažas', 10, 2),
       (12, 'Mineralinis vanduo', 1, 1),
       (13, 'Ledo gabaliukas', 11, 4),
       (14, 'Druska', 11, 5),
       (15, 'Pipirai', 11, 5),
       (16, 'Abrikosų brendis', 7, 1),
       (17, 'Contreu', 7, 1),
       (18, 'Blue curacao', 7, 1),
       (19, 'Žalųjų citrinų sultys', 9, 1),
       (20, 'Angostura', 7, 2),
       (21, 'Žalioji citrina', 3, 4),
       (22, 'Baltasis romas', 7, 1),
       (23, 'Coca-cola', 1, 1),
       (24, 'Sausas martinis', 7, 1),
       (25, 'Džinas', 7, 1),
       (26, 'Kamparis', 7, 1),
       (27, 'Obuolių sultys', 9, 1),
       (28, 'Amaretas', 7, 1),
       (29, 'Bananų sultys', 9, 1),
       (30, 'Braškių sirupas', 5, 1),
       (31, 'Persikų likeris', 7, 1),
       (32, 'Bitter lemon', 7, 1),
       (33, 'Spanguolių sirupas', 5, 1),
       (34, 'Pasiflorų sirupas', 5, 1),
       (35, 'Pasiflorų sultys', 9, 1),
       (36, 'Nealkoholinis Blue Curacao', 5, 1),
       (37, 'Kokosų sirupas', 5, 1),
       (38, 'Grietinėlė', 6, 1),
       (39, 'Ananasų sultys', 9, 1),
       (40, 'Braškė', 12, 4),
       (41, 'Rudasis cukrus', 11, 5),
       (42, 'Vyšnių sultys', 9, 1),
       (43, 'Baileys', 7, 1),
       (44, 'Malibu', 7, 4),
       (45, 'Licor 43', 7, 1),
       (46, 'Pienas', 6, 1),
       (47, 'Bananas', 12, 2),
       (48, 'Šokolado sirupas', 5, 1),
       (49, 'Red Bull', 1, 4),
       (50, 'Bananų likeris', 7, 1),
       (51, 'Romas 73%', 7, 1),
       (52, 'Putojantis vynas', 7, 1),
       (53, 'Airiškas viskis', 7, 1),
       (54, 'Kava', 11, 1),
       (55, 'Kavos likeris', 7, 1);



insert into receptas (id, pavadinimas, gaminimo_instrukcija, patiekimas,
                      patalpinimo_laikas, atnaujinimo_laikas, paveiksliukas, vartotojas_id, kokteilio_kategorija_id, sudetingumas_id)
values (1, 'Po aštuntos', 'Viską supilkite tiesiog į taurę be ledo.', 'Papuoškite gėrimą mėtos šakele ir pateikite su šiaudeliu ar be jo.',
        current_timestamp, current_timestamp, pg_read_binary_file('C:\images\1-after-eight.jpg'), 5, 61, 1),

       (2, 'Aperolio iliuzija',
        'Viską sykiu, išskyrus granatų sirupą ir mineralinį vandenį, išplakite plaktuvėje su ledu ir nukoškite į taurę, kurioje įdėti 1-2 ledo gabaliukai. Pripilkite iki viršaus mineralinio vandens, paskui įlašinkite granatų sirupo.',
        'Papuoškite apelsino griežinėliu ir patiekite su šiaudeliu.', current_timestamp, current_timestamp, pg_read_binary_file('C:\images\2-aperol-illusion.jpg'), 5, 61, 2),

       (3, 'Kruvinoji merė',
        'Visas sudedamąsias dalis supilkite į plaktuvę su ledu, išplakite ir nukoškite į taurę. Ruošdami šį kokteilį, druskos, pipirų ar Vusterio padažoi verčiau nenaudokite per mažai negu per daug - galėsite pagardinti pagal skonį vėliau.',
        'Papuoškite saliero lapkočiu ir patiekite su šiaudeliu.', current_timestamp, current_timestamp, pg_read_binary_file('C:\images\3-bloody-mary.jpg'), 5, 61, 2),

       (4, 'Mėlynasis stebuklas', 'Viską išplakite plaktuvėje su ledu ir nukoškite į taurę.', 'Patiekite be puošmenų ir šiaudelio.', current_timestamp, current_timestamp,
        pg_read_binary_file('C:\images\4-blue-wonder.jpg'), 5, 61, 1),

       (5, 'Laisvoji kuba',
        'Supjaustykite žaliąją citriną į 4 dalis, sudėkite į taurę ir lengvai patraiškykite grūstuvėliu - tačiau ne per smarkiai, kad iš odelės neišsiskirtu kartumas. Jei gausite per mažai sulčių, be citrinų sulčių,įpilkite dar 2 arbatinius (10 ml) žaliųjų citrinų sulčių. Paskui į taurę supilkite romą, o galiausiai kodą.',
        'papuoškite cuba libre žaliosios citrinos griežinėliu ir patiekite su ilgu šiaudeliu.', current_timestamp, current_timestamp, pg_read_binary_file('C:\images\5-cuba-libre.jpeg'), 5, 61, 2),

       (6, 'Sausas martinis', 'Viską išplakite plaktuvėje su ledu ir nukoškite ė matinio taurę.', 'Patiekite be puošmenų ir šiaudelio.', current_timestamp, current_timestamp, pg_read_binary_file('C:\images\6-dry-martini.jpg'), 5, 61, 2),

       (7, 'Grąžtas', 'Viską išplakite plaktuvėje su ledu ir nukoškite į taurę', 'Patiekite be puošmenų.', current_timestamp, current_timestamp, pg_read_binary_file('C:\images\7-gimlet.jpeg'), 5, 61, 1),

       (8, 'Adonis', 'Viską išplakite plaktuvėje su ledu ir nukoškite į taurę, kurioje įdėti 1 - 2 ledo gabaliukai.', 'Papuoškite apelsino griežinėliu, patiekite su šiaudeliu.',
        current_timestamp, current_timestamp, pg_read_binary_file('C:\images\8-adonis.jpg'), 5, 62, 1),

       (9, 'Amareto saulėtekis',
        'Viss ingredientus, išskyrus braškių sirupą, supilkite į plaktuvę su ledu, išplakite ir nukoškite į stiklinę, kurioje įfėti 1 - 2 ledo gabaliukai. Paskui supilkite braškių sirupą',
        'Papuoškite banano griežinėliu ir patiekite su šiaudeliu.', current_timestamp, current_timestamp, pg_read_binary_file('C:\images\9-amareto-sunrise.jpg'), 5, 62, 1),

       (10, 'Astos gėrimas',
        'Viską išplakite plaktuvėje su ledu ir nukoškite į taurę, kurioje įdėti 1 - 2 ledo gabaliukai', 'Papuoškite apelsino griežinėliu ir patiekite su šiaudeliu', current_timestamp,
        current_timestamp, pg_read_binary_file('C:\images\10-asta-flip.jpg'), 5, 62, 2),

       (11, 'Karčioji degtinė',
        'Visas sudedamąsias dalis, išskyrus Bitter lemon ir spanguolių sirupą, išplakite plaktuvėje su ledu ir nukoškite į stiklinę, kurioje įdėti 1 - 2 ledo gabaliukai. Pripilkite iki viršaus Bitter lemon. Paskui supilkite spanguolių sirupą',
        'Papuoškite žaliosios citrinos griežinėliu. Patiekite su šiaudeliu.', current_timestamp, current_timestamp, pg_read_binary_file('C:\images\11-bitter-vodka.jpg'), 5, 62, 2),

       (12, 'Smūgis', 'Viską, išskyrus braškių sirupą, išplakite plaktuvėje su ledu ir nukoškite į stiklinę, kurioje įdėti 1 - 2 ledo gabaliukai.',
        'Papuoškite apelsino griežinėliu. Patiekite su šiaudeliu.', current_timestamp, current_timestamp, pg_read_binary_file('C:\images\12-blow.jpg'), 5, 62, 2),

       (13, 'Pajūrio rojus',
        'Viską išplakite plaktuvėje su ledu ir nukoškite į taurę, kurioje įdėti 1 - 2 ledo gabaliukai.',
        'Papuoškite ananso gabaliuku ir patiekite su šiaudeliu.', current_timestamp, current_timestamp, pg_read_binary_file('C:\images\13-beach-paradise.jpg'), 5, 65, 2),

       (14, 'Ateivis', 'Viską supilkite į maišytuvą ir gerai sumaišykite. Paskui supilkite į puodelį, kuriame įdėti 1 - 2 ledo gabaliukai.', 'Papuoškite braške ir patiekite su 2 šiaudeliais.',
        current_timestamp, current_timestamp, pg_read_binary_file('C:\images\14-alien.jpg'), 5, 63, 2),

       (15, 'Blyksnis',
        'Vyšnių ir apelsinų sultis išplakite plaktuvėje su ledu ir nukoškite į taurę, kurioje įdėti 1 - 2 ledo gabaliukai. Beveik iki viršaus pripilkite gazuoto vanges, paskui supilkite Blue Curacao.',
        'Papuoškite apelsino griežinėliu ir patiekite su šiaudeliu.',
        current_timestamp, current_timestamp, pg_read_binary_file('C:\images\15-flash.jpg'), 5, 71, 2),

       (16, 'Ipanema',
        'Stipriai pakočiokite žaliąją citriną tarp delnų arba ant stalo, kad suminkštėtų ir nupjovę galus, turinčius daugiausiai karčiųjų aliejų, padalinkite ją į 8 dalis. Sudėkite citrinos gabaliukus į taurę ir atsargiai patraiškykite grūstuvėliu, stengdamiesi nepaleisti karčiųjų aliejų. Įberkite 1 - 2 šaukštus rudojo cukraus. Jeigu citrina nepakankamai sultinga, dar įpilkite 2 arbatinius šaukštelius (10 ml) -aliųjų citrinų sulčių. 3/4 taurės pripildykite grūsto ledo ir iki viršsaus pripilkite imbierinio alaus. Atsargiai išmaišykite baro šaukštu, kad kokteilis nesiliautų šnypštęs.',
        'Įdėkite grūsto ledo ir patiekite su vienu storu šiaudeliu arba 2 plonais bet be puošmenų.',
        current_timestamp, current_timestamp, pg_read_binary_file('C:\images\16-ipanema.jpg'), 5, 71, 3),

       (17, 'Baileys colada', 'Viską išplakite plaktuvėje su ledu ir nukoškite į taurę, kurioje įdėti 1 - 2 ledo gabaliukai.',
        'Papuoškite banano griežinėliu arba ananaso gabaliuku. Patiekite su šiaudeliu.', current_timestamp, current_timestamp, pg_read_binary_file('C:\images\17-baileys-colada.jpg'), 5, 64, 2),

       (18, 'Banano bučinys',
        'Visas sudedamąsias dalis, išskyrus šokolado sirupą, gerai išmaišykite maišiklyje. SUpilkite į taurę, kurioje įdėti 1 - 2 ledo gabaliukai. Ant viršaus supilkite šokolado sirupą',
        'Papuoškite banano griežinėliu ir patiekite su šiaudeliu.', current_timestamp, current_timestamp, pg_read_binary_file('C:\images\18-banana-kiss.jpg'), 5, 64, 2),

       (19, 'Jaučio žudikas', 'Pirmiausia į taurę įdėkite 2 gabaliukus ledo ir supilkite visas sudedamąsias dalis, išskyrus Red Bull. Vėliau įpilkite Red Bull.', 'Papuoškite citrinos riekele.',
        current_timestamp, current_timestamp, pg_read_binary_file('C:\images\19-bull-killer.jpg'), 5, 66, 2),

       (20, 'Didvyris',
        'Viską išplakite plaktuvėje su ledu ir nukoškite į taurę, kurioje įdėti 1 - 2 ledo gabaliukai.',
        'Papuoškite persiko riekele.',
        current_timestamp, current_timestamp, pg_read_binary_file('C:\images\20-hero.jpg'), 5, 66, 2),

       (21, 'Amareto flirtas',
        'Pirma nulupkite ananaso žievę ir supjaustykite jį smulkiais gabaliukais. Viską, išskyrus putojanti vyną, supilkite į maišiklį ir gerai išmaišykite. Supilkite kokteilį į taurę, kurioje įdėti 1 - 2 ledo gabaliukai. Paskui pripilkite iki viršaus putojančio vyno',
        'Papuoškite ananso gabaliuku ir patiekite su šiaudeliu.',
        current_timestamp, current_timestamp, pg_read_binary_file('C:\images\21-amareto-flirt.jpg'), 5, 68, 3),

       (22, 'Amareto vargas',
        'Į highball taurę įdėkite 2 arba 3 ledo gabaliukus, paskui supilkite amaretą. Iki viršaus pripilkite obuolių sulčių.',
        'Papuoškite obuolio ar apelsino griežinėliu ir patiekite su šiaudeliu.',
        current_timestamp, current_timestamp, pg_read_binary_file('C:\images\22-amaretto-misery.jpeg'), 5, 69, 1),

       (23, 'Airiška kava',
        'Viską, išskyrus kavą, supilkite į puodelį. Paskui supilkite karštą kavą.',
        'Papuoškite plakta grietinėle ir patiekite su šaukšteliu.',
        current_timestamp, current_timestamp, pg_read_binary_file('C:\images\23-irish-coffee.jpg'), 5, 72, 1),

       (24, 'B52',
        'Pirma supilkite kavos likerį į karščiui atsparią taurelę, Paskui per baro šaukšto nugarėlę atsargiai supilkite likeri Baileys. Šie skysčiai turėtų sudaryti atskirus sluoksnius, Tada taip pat supilkite romą.',
        'Patiekite be puošmenų, tačiau su degtukais, servetėle ir trumpu šiaudeliu.', current_timestamp, current_timestamp, pg_read_binary_file('C:\images\24-b52.jpg'), 5, 67, 3);

insert into sudetis (receptas_id, produktas_id, kiekis)
VALUES (1, 1, 40),
       (1, 2, 10),
       (1, 3, 10),
       (2, 4, 40),
       (2, 5, 20),
       (2, 7, 5),
       (2, 12, 0),
       (3, 1, 40),
       (3, 6, 20),
       (3, 8, 80),
       (3, 9, 10),
       (3, 14, 1),
       (3, 15, 1),
       (3, 10, 4),
       (3, 11, 4),
       (4, 16, 40),
       (4, 17, 10),
       (4, 18, 10),
       (4, 19, 10),
       (4, 20, 4),
       (5, 21, 0.5),
       (5, 19, 10),
       (5, 9, 10),
       (5, 22, 50),
       (5, 23, 0),
       (6, 24, 40),
       (6, 25, 20),
       (6, 9, 10),
       (7, 25, 50),
       (7, 9, 10),
       (7, 19, 10),
       (8, 26, 50),
       (8, 6, 80),
       (8, 9, 10),
       (8, 27, 80),
       (8, 13, 2),
       (9, 28, 50),
       (9, 29, 100),
       (9, 30, 10),
       (9, 13, 2),
       (10, 28, 40),
       (10, 18, 10),
       (10, 9, 10),
       (10, 6, 160),
       (10, 13, 2),
       (11, 1, 40),
       (11, 31, 10),
       (11, 6, 40),
       (11, 32, 0),
       (11, 33, 20),
       (11, 13, 2),
       (12, 22, 50),
       (12, 34, 10),
       (12, 6, 80),
       (12, 35, 80),
       (12, 30, 10),
       (12, 13, 2),
       (13, 36, 20),
       (13, 37, 20),
       (13, 38, 20),
       (13, 39, 40),
       (13, 13, 2),
       (14, 40, 5),
       (14, 36, 20),
       (14, 30, 10),
       (14, 9, 10),
       (14, 19, 10),
       (14, 41, 1),
       (14, 35, 40),
       (14, 13, 2),
       (15, 42, 40),
       (15, 6, 60),
       (15, 9, 10),
       (15, 12, 0),
       (15, 36, 20),
       (15, 13, 2),
       (16, 21, 1),
       (16, 41, 5),
       (16, 9, 10),
       (16, 43, 0),
       (16, 13, 8),
       (17, 43, 30),
       (17, 44, 20),
       (17, 38, 20),
       (17, 29, 40),
       (17, 39, 100),
       (17, 13, 2),
       (18, 45, 40),
       (18, 38, 20),
       (18, 46, 60),
       (18, 47, 0.5),
       (18, 48, 20),
       (18, 13, 2),
       (19, 1, 20),
       (19, 28, 30),
       (19, 31, 30),
       (19, 19, 10),
       (19, 9, 10),
       (19, 49, 1),
       (19, 13, 2),
       (20, 31, 20),
       (20, 50, 20),
       (20, 51, 10),
       (20, 28, 30),
       (20, 19, 10),
       (20, 35, 180),
       (20, 13, 2),
       (21, 52, 100),
       (21, 28, 20),
       (22, 28, 40),
       (22, 27, 0),
       (22, 13, 3),
       (23, 53, 40),
       (23, 41, 10),
       (23, 54, 100),
       (24, 55, 20),
       (24, 43, 20),
       (24, 51, 10);

insert into komentaras(tekstas, vertinimas, vartotojas_id, receptas_id, patalpinimo_laikas, atnaujinimo_laikas) VALUES
    ('nice', 5, 5, 24, current_timestamp, current_timestamp),
    ('mayvbe nice', 5, 5, 24, current_timestamp, current_timestamp),
    ('i think mayvbe nice', 3, 5, 24, current_timestamp, current_timestamp),
    ('i think mayvbe nice', 3, 5, 24, current_timestamp, current_timestamp),
    ('i think mayvbe nice', 2, 5, 24, current_timestamp, current_timestamp),
    ('what is i think mayvbe nice', 2, 5, 24, current_timestamp, current_timestamp),
    ('what is i think nice', 2, 5, 24, current_timestamp, current_timestamp),
    ('what is nice', 4, 5, 24, current_timestamp, current_timestamp),
    ('what is nice', 4, 5, 24, current_timestamp, current_timestamp),
    ('what is nice', 4, 5, 24, current_timestamp, current_timestamp),
    ('nice', 4, 5, 24, current_timestamp, current_timestamp),
    ('nice', 5, 5, 24, current_timestamp, current_timestamp),
    ('nice', 5, 5, 24, current_timestamp, current_timestamp),
    ('nice', 5, 5, 24, current_timestamp, current_timestamp),
    ('nice', 1, 5, 24, current_timestamp, current_timestamp),
    ('nice', 1, 5, 24, current_timestamp, current_timestamp),
    ('goog', 1, 5, 24, current_timestamp, current_timestamp),
    ('goog', 1, 5, 24, current_timestamp, current_timestamp),
    ('goog', 5, 5, 24, current_timestamp, current_timestamp),
    ('goog', 5, 5, 24, current_timestamp, current_timestamp),
    ('goog', 5, 5, 24, current_timestamp, current_timestamp),
    ('goog', 5, 5, 24, current_timestamp, current_timestamp),
    ('nice', 5, 5, 24, current_timestamp, current_timestamp),
    ('nice', 4, 5, 24, current_timestamp, current_timestamp),
    ('average', 4, 5, 24, current_timestamp, current_timestamp),
    ('average', 4, 5, 24, current_timestamp, current_timestamp),
    ('average', 3, 5, 24, current_timestamp, current_timestamp),
    ('average', 3, 5, 24, current_timestamp, current_timestamp),
    ('average', 3, 5, 24, current_timestamp, current_timestamp),
    ('average', 3, 5, 24, current_timestamp, current_timestamp),
    ('nice', 3, 5, 24, current_timestamp, current_timestamp),
    ('nice', 3, 5, 24, current_timestamp, current_timestamp),
    ('nice', 3, 5, 24, current_timestamp, current_timestamp),
    ('nice', 3, 5, 24, current_timestamp, current_timestamp),
    ('nice', 3, 5, 24, current_timestamp, current_timestamp),
    ('nice', 5, 5, 24, current_timestamp, current_timestamp),
    ('bad', 5, 5, 24, current_timestamp, current_timestamp),
    ('bad', 4, 5, 24, current_timestamp, current_timestamp),
    ('nice', 4, 5, 24, current_timestamp, current_timestamp),
    ('nice', 2, 5, 24, current_timestamp, current_timestamp),
    ('nice', 2, 5, 24, current_timestamp, current_timestamp),
    ('nice', 2, 5, 24, current_timestamp, current_timestamp),
    ('nice', 2, 5, 24, current_timestamp, current_timestamp),
    ('nice', 1, 5, 24, current_timestamp, current_timestamp),
    ('nice', 1, 5, 24, current_timestamp, current_timestamp);
